{"cameraMode":{"drawMode":0,"name":"Shaded","section":"Shading Mode"},"sceneLighting":false,"audioPlay":false,"sceneViewState":{"m_AlwaysRefresh":false,"showFog":true,"showSkybox":false,"showFlares":true,"showImageEffects":true,"showParticleSystems":true,"showVisualEffectGraphs":true,"m_FxEnabled":true},"in2DMode":false,"pivot":{"x":-1.7497022151947022,"y":-1.6494184732437134,"z":0.8897193074226379},"rotation":{"x":0.24571824073791505,"y":0.7359772324562073,"z":-0.3403702676296234,"w":0.5312221646308899},"size":11.762731552124024,"orthographic":false}