{"cameraMode":{"drawMode":0,"name":"Shaded","section":"Shading Mode"},"sceneLighting":false,"audioPlay":false,"sceneViewState":{"m_AlwaysRefresh":false,"showFog":true,"showSkybox":false,"showFlares":true,"showImageEffects":true,"showParticleSystems":true,"showVisualEffectGraphs":true,"m_FxEnabled":true},"in2DMode":false,"pivot":{"x":-0.5566946268081665,"y":-0.6927419304847717,"z":3.313066244125366},"rotation":{"x":0.3342401385307312,"y":0.00338920671492815,"z":-0.0012023139279335738,"w":0.9424847960472107},"size":15.389262199401856,"orthographic":false}