{"cameraMode":{"drawMode":0,"name":"Shaded","section":"Shading Mode"},"sceneLighting":false,"audioPlay":false,"sceneViewState":{"m_AlwaysRefresh":false,"showFog":true,"showSkybox":false,"showFlares":true,"showImageEffects":true,"showParticleSystems":true,"showVisualEffectGraphs":true,"m_FxEnabled":true},"in2DMode":false,"pivot":{"x":-0.4377639591693878,"y":0.41782984137535097,"z":1.599961757659912},"rotation":{"x":0.21590416133403779,"y":-0.7745911478996277,"z":0.34591129422187807,"w":0.4834703505039215},"size":3.9102210998535158,"orthographic":false}