{"cameraMode":{"drawMode":0,"name":"Shaded","section":"Shading Mode"},"sceneLighting":false,"audioPlay":false,"sceneViewState":{"m_AlwaysRefresh":false,"showFog":true,"showSkybox":false,"showFlares":true,"showImageEffects":true,"showParticleSystems":true,"showVisualEffectGraphs":true,"m_FxEnabled":true},"in2DMode":false,"pivot":{"x":-2.2288713455200197,"y":-16.222980499267579,"z":12.690970420837403},"rotation":{"x":0.3137971758842468,"y":-0.007979254238307476,"z":0.0026372720021754505,"w":0.9494566917419434},"size":36.744667053222659,"orthographic":false}