{"cameraMode":{"drawMode":0,"name":"Shaded","section":"Shading Mode"},"sceneLighting":false,"audioPlay":false,"sceneViewState":{"m_AlwaysRefresh":false,"showFog":true,"showSkybox":false,"showFlares":true,"showImageEffects":true,"showParticleSystems":true,"showVisualEffectGraphs":true,"m_FxEnabled":true},"in2DMode":false,"pivot":{"x":-3.4000916481018068,"y":-9.223325729370118,"z":7.821605205535889},"rotation":{"x":0.3385568857192993,"y":-0.032739609479904178,"z":0.011787688359618187,"w":0.9403048753738403},"size":14.890143394470215,"orthographic":false}