{"cameraMode":{"drawMode":0,"name":"Shaded","section":"Shading Mode"},"sceneLighting":false,"audioPlay":false,"sceneViewState":{"m_AlwaysRefresh":false,"showFog":true,"showSkybox":false,"showFlares":true,"showImageEffects":true,"showParticleSystems":true,"showVisualEffectGraphs":true,"m_FxEnabled":true},"in2DMode":false,"pivot":{"x":0.003921538591384888,"y":0.03497843071818352,"z":-0.000004246830940246582},"rotation":{"x":0.1852504014968872,"y":0.053337566554546359,"z":-0.010049157775938511,"w":0.9812103509902954},"size":0.3026396334171295,"orthographic":false}