{"cameraMode":{"drawMode":0,"name":"Shaded","section":"Shading Mode"},"sceneLighting":false,"audioPlay":false,"sceneViewState":{"m_AlwaysRefresh":false,"showFog":true,"showSkybox":false,"showFlares":true,"showImageEffects":true,"showParticleSystems":true,"showVisualEffectGraphs":true,"m_FxEnabled":true},"in2DMode":false,"pivot":{"x":-0.24923266470432282,"y":0.8609268665313721,"z":3.18715763092041},"rotation":{"x":0.3366084396839142,"y":-0.049395058304071429,"z":0.01771494746208191,"w":0.9402033090591431},"size":5.013113498687744,"orthographic":false}